Disease,Precision,Recall,F1 Score,Support
Healthy,98.92,98.13,98.52,374
Maize Blight,89.71,90.75,90.23,173
Maize Common Rust,97.94,96.45,97.19,197
Maize Gray Leaf Spot,81.32,85.06,83.15,87
Rice Bacterial Leaf Blight,94.05,82.29,87.78,96
Rice Leaf Blast,81.98,94.79,87.92,96
Tomato Bacterial Spot,100.0,79.0,88.27,100
Tomato Early Blight,87.37,83.0,85.13,100
Tomato Late Blight,92.71,89.0,90.82,100
Tomato Leaf Mold,95.0,95.0,95.0,100
Tomato Septoria Leaf Spot,88.12,89.0,88.56,100
Tomato Spider Mites,88.89,88.0,88.44,100
Tomato Target Spot,72.31,94.0,81.74,100
Tomato Tomato Mosaic Virus,98.96,95.0,96.94,100
Tomato Yellow Leaf Curl Virus,99.01,100.0,99.5,100
